{
    "kango_version": "1.3.1 ba4b80d08b67", 
    "description": "Manage your DigitalOcean droplets.", 
    "creator": "DigitalOcean Toolbox", 
    "kango_package_id": "dev", 
    "background_scripts": [
        "jquery-1.11.1.min.js", 
        "main.js"
    ], 
    "homepage_url": "https://www.digitalocean.com/", 
    "version": "1.0.0", 
    "options_page": "options.html", 
    "browser_button": {
        "caption": "DigitalOcean Toolbox", 
        "icon": "icons/button.png", 
        "popup": {
            "url": "popup.html", 
            "width": 700, 
            "height": 460
        }, 
        "tooltipText": "DigitalOcean Toolbox"
    }, 
    "id": "fkbmciahedfdhmffoocapbdomcbaagnj", 
    "name": "DigitalOcean Toolbox"
}